AREA,PERIMETER,POPPLACE_,POPPLACE_I,UNIQUE_KEY,NAME,NAME_E,NAME_F,REG_CODE,NTS50,LAT,LONG,SGC_CODE,CAPITAL,POP_RANGE
0.000,0.000,1,1,AARNV,Port Hope Simpson,,,10,013A09,523300,561800,1010009,0,2
0.000,0.000,2,1,AAKDE,Hopedale,,,10,013N08,552800,601300,1010048,0,2
0.000,0.000,3,1,AANQP,Makkovik,,,10,013O03,550500,591100,1010044,0,1
0.000,0.000,4,1,AADZL,Churchill Falls,,,10,023H09,533300,640100,1010029,0,2
0.000,0.000,5,1,AAQAF,North West River,,,10,013F09,533200,600800,1010022,0,2
0.000,0.000,6,1,AATJW,Rigolet,,,10,013J01,541100,582600,1010021,0,1
0.000,0.000,7,1,AADQK,Cartwright,,,10,013H11,534200,570100,1010012,0,2
0.000,0.000,8,1,BACMK,Tignish,,,11,021I16,465700,640200,0,0,1
0.000,0.000,9,1,CAGYX,Cheticamp,,,12,011K11,463800,610100,1215011,0,2
0.000,0.000,10,1,CBIKA,Sheet Harbour,,,12,011D15,445500,623200,1209036,0,2
0.000,0.000,11,1,EHDEQ,Maniwaki,,,24,031J05,462300,755800,2483065,0,2
0.000,0.000,12,1,EHNWP,Parent,,,24,031O15,475500,743700,2490030,0,1
0.000,0.000,13,1,EIFTL,Tadoussac,,,24,022C04,480900,694300,2495005,0,2
0.000,0.000,14,1,EHJNE,Natashquan,,,24,012K04,501200,614900,0,0,1
0.000,0.000,15,1,EHYVN,Saint-Augustin,,,24,012O02,511300,583900,0,0,1
0.000,0.000,16,1,EICJR,Schefferville,,,24,023J15,544800,665000,2497040,0,1
0.000,0.000,17,1,EJJIY,Salluit,,,24,035J04,621300,753900,2499887,0,2
0.000,0.000,18,1,EJNER,Kangiqsujuaq,,,24,025E12,613553,715740,2499888,0,1
0.000,0.000,19,1,EKQQU,Kangirsuk,,,24,025D01,600105,700140,2499890,0,1
0.000,0.000,20,1,EJLMI,Kangiqsualujjuaq,,,24,024I12,584128,655715,2499894,0,2
0.000,0.000,21,1,EJLMJ,Tasiujaq,,,24,024K12,584200,695600,2499892,0,1
0.000,0.000,22,1,EKQQB,Ivujivik,,,24,035K05,622500,775500,2499140,0,1
0.000,0.000,23,1,EJNEV,Quaqtaq,,,24,025F04,610200,693700,2499889,0,1
0.000,0.000,24,1,ELZXX,Umiujaq,,,24,034C10,563318,763310,2499080,0,1
0.000,0.000,25,1,EJKNA,Kuujjuarapik,,,24,033N05,551700,774500,2499075,0,2
0.000,0.000,26,1,EKZMY,Wemindji,,,24,033D15,530000,784900,0,0,1
0.000,0.000,27,1,EGFVN,Eastmain,,,24,033D02,521500,783000,0,0,1
0.000,0.000,28,1,FDGDZ,Wawa,,,35,041N15,475900,844700,3557076,0,1
0.000,0.000,29,1,FCJJL,Rainy River,,,35,052D10,484300,943400,3559042,0,2
0.000,0.000,30,1,FERDZ,Peawanuck,,,35,043N03,550100,852500,0,0,1
0.000,0.000,31,1,FAIJC,Big Trout Lake,,,35,053H13,534900,895300,3560090,0,1
0.000,0.000,32,1,FBWGP,Lansdowne House,,,35,043D04,521400,875300,3560081,0,1
0.000,0.000,33,1,FBEYY,Fort Severn,,,35,043M13,555900,873800,3560090,0,1
0.000,0.000,34,1,GAJQX,Grand Rapids,,,46,063G03,531042,991553,4621078,0,1
0.000,0.000,35,1,GACFO,Berens River,,,46,063A06,522155,970145,4619045,0,1
0.000,0.000,36,1,GAJJI,Gods Lake Narrows,,,46,053L09,543317,942835,4622046,0,1
0.000,0.000,37,1,GADRG,Brochet,,,46,064F13,575247,1014016,4623062,0,1
0.000,0.000,38,1,GAPQK,Lynn Lake,,,46,064C14,565106,1010248,4623047,0,2
0.000,0.000,39,1,GAWIU,Pukatawagan,,,46,063N11,554432,1011857,4623062,0,1
0.000,0.000,40,1,GAZXJ,South Indian Lake,,,46,064B15,564649,985549,4623037,0,2
0.000,0.000,41,1,GAFRM,Cranberry Portage,,,46,063K11,543510,1012238,4621057,0,2
0.000,0.000,42,1,HATYU,Leader,,,47,072K13,505300,1093300,4708058,0,2
0.000,0.000,43,1,HAEPO,Cumberland House,,,47,063E16,535800,1021600,4718005,0,2
0.000,0.000,44,1,HAHIH,Sandy Bay,,,47,063M09,553100,1021900,4718058,0,2
0.000,0.000,45,1,HAPNW,Fond-du-Lac,,,47,074O06,591900,1071200,35551,0,2
0.000,0.000,46,1,HAEBJ,Black Lake,,,47,074P04,590800,1053600,4718090,0,1
0.000,0.000,47,1,IAFFY,Fort Vermilion,,,48,084K08,582400,1160000,4817095,0,2
0.000,0.000,48,1,IAFEW,Fort Chipewyan,,,48,074L11,584200,1110800,4816030,0,2
0.000,0.000,49,1,JBAPP,Hudson's Hope,,,59,094A04,560000,1220000,5955025,0,2
0.000,0.000,50,1,JCQPU,Queen Charlotte City,,,59,103F08,531515,1320500,5947029,0,2
0.000,0.000,51,1,JAPKE,Hazelton,,,59,093M05,551500,1274000,5949022,0,1
0.000,0.000,52,1,JARKT,Atlin,,,59,104N12,593400,1334200,5957020,0,1
0.000,0.000,53,1,KAALD,Beaver Creek,,,60,115K07,622300,1405230,6001042,0,1
0.000,0.000,54,1,KACRQ,Haines Junction,,,60,115A13,604510,1373025,6001018,0,1
0.000,0.000,55,1,KABBU,Carmacks,,,60,115I01,620520,1361720,6001012,0,1
0.000,0.000,56,1,KAFAF,Pelly Crossing,,,60,115I15,624905,1363410,6001041,0,1
0.000,0.000,57,1,KAEBA,Mayo,,,60,105M12,633535,1355345,6001022,0,1
0.000,0.000,58,1,KABPC,Dawson,,,60,116B03,640345,1392550,6001029,0,2
0.000,0.000,59,1,KABAL,Carcross,,,60,105D02,601000,1344200,6001045,0,1
0.000,0.000,60,1,KAGQJ,Teslin,,,60,105C02,601000,1324315,6001006,0,1
0.000,0.000,61,1,KAFPB,Ross River,,,60,105F16,615900,1322600,6001037,0,1
0.000,0.000,62,1,KAHDJ,Watson Lake,,,60,105A02,600350,1284220,6001003,0,2
0.000,0.000,63,1,KABYO,Elsa,,,60,105M14,635445,1352850,6001045,0,1
0.000,0.000,64,1,LADUC,Broughton Island,,,61,026P00,673300,640200,6104010,0,1
0.000,0.000,65,1,LAELB,Cape Dorset,,,61,036C02,641400,763230,6104007,0,2
0.000,0.000,66,1,LAUCM,Repulse Bay,,,61,046L00,663200,861500,6105027,0,1
0.000,0.000,67,1,LAZWJ,Whale Cove,,,61,055K00,621015,923440,6105016,0,1
0.000,0.000,68,1,LAEVR,Chesterfield Inlet,,,61,055O07,632020,904205,6105019,0,1
0.000,0.000,69,1,LAFLL,Coral Harbour,,,61,046B00,640800,831000,6105014,0,2
0.000,0.000,70,1,LAIKS,Fort Liard,,,61,095B03,601400,1232800,6106009,0,1
0.000,0.000,71,1,LAILA,Fort Providence,,,61,085F05,612100,1173900,6106014,0,2
0.000,0.000,72,1,LATRU,Rae,,,61,085K16,625000,1160300,0,0,1
0.000,0.000,73,1,LAILE,Fort Resolution,,,61,085H04,611015,1134015,6106018,0,2
0.000,0.000,74,1,LCABE,{1}utselk'e,,,61,075L07,622418,1104415,6106020,0,1
0.000,0.000,75,1,LAIKL,Fort Good Hope,,,61,106I07,661525,1283800,6107009,0,2
0.000,0.000,76,1,LARCU,Norman Wells,,,61,096E00,651655,1264945,6107007,0,2
0.000,0.000,77,1,LBAKM,Wrigley,,,61,095O05,631605,1233640,6106044,0,1
0.000,0.000,78,1,LAUSB,Sachs Harbour,,,61,097G15,715900,1251425,6107041,0,1
0.000,0.000,79,1,LAATD,Aklavik,,,61,107B00,681310,1350020,6107025,0,2
0.000,0.000,80,1,LAIKT,Fort McPherson,,,61,106M07,672620,1345250,6107015,0,2
0.000,0.000,81,1,LCACE,Tsiigehtchic,,,61,106N05,672635,1334420,6107010,0,1
0.000,0.000,82,1,LAYQV,Tuktoyaktuk,,,61,107C00,692715,1330155,6107036,0,2
0.000,0.000,83,1,LASFJ,Paulatuk,,,61,097C08,692100,1240400,6107014,0,1
0.000,0.000,84,1,LAKQG,Holman,,,61,087F10,704400,1174500,6108095,0,1
0.000,0.000,85,1,LAJCU,Gjoa Haven,,,61,057B12,683730,955240,6108081,0,2
0.000,0.000,86,1,LCABD,Taloyoak,,,61,057C10,693210,933115,6108087,0,2
0.000,0.000,87,1,LASJF,Pelly Bay,,,61,057A00,683205,894930,6108047,0,1
0.000,0.000,88,1,LALCB,Igloolik,,,61,047D00,692300,814800,6104012,0,2
0.000,0.000,89,1,LAJWH,Hall Beach,,,61,047A00,684725,811415,6104011,0,2
0.000,0.000,90,1,LAJQR,Grise Fiord,,,61,049A05,762500,825345,6104025,0,1
0.000,0.000,91,1,LABJT,Arctic Bay,,,61,048C00,730200,851000,6104018,0,2
0.000,0.000,92,1,LASXA,Pond Inlet,,,61,038B00,724200,775900,6104020,0,2
0.000,0.000,93,1,LAFDA,Clyde River,,,61,027F00,702805,683540,6104015,0,2
0.000,0.000,94,1,LAUCS,Resolute,,,61,058F11,744145,944945,6104022,0,1
0.000,0.000,95,1,LAUZB,Sanikiluaq,,,61,034D00,563200,791400,6104001,0,2
0.000,0.000,96,2,AARHJ,Placentia,,,10,001N04,471400,535800,1001240,0,3
0.000,0.000,97,2,AATPY,Roddickton,,,10,012I16,505200,560800,1009006,0,2
0.000,0.000,98,2,AAWBN,St. Anthony,,,10,002M05,512200,553500,1009029,0,2
0.000,0.000,99,2,ABAUI,Baie Verte,,,10,012H16,495600,561100,1008079,0,2
0.000,0.000,100,2,AAFKA,Deer Lake,,,10,012H03,491000,572600,1005004,0,2
0.000,0.000,101,2,ACGAI,Buchans,,,10,012A15,484930,565045,1006031,0,2
0.000,0.000,102,2,AADBW,Burgeo,,,10,011P12,473700,573700,1003028,0,2
0.000,0.000,103,2,AAJKQ,Harbour Breton,,,10,001M05,472900,554800,1003008,0,2
0.000,0.000,104,2,AAIHR,Grand Bank,,,10,001M04,470600,554600,1002019,0,2
0.000,0.000,105,2,AACKH,Bonavista,,,10,002C11,483900,530700,1007023,0,2
0.000,0.000,106,2,AAPBP,Nain,,,10,014C12,563200,614100,1010056,0,2
0.000,0.000,107,2,AACMK,Botwood,,,10,002E03,490900,552100,1006022,0,2
0.000,0.000,108,2,AAROJ,Port Saunders,,,10,012I11,503900,571800,1009019,0,2
0.000,0.000,109,2,BACII,Souris,,,11,011L08,462100,621500,1101036,0,2
0.000,0.000,110,2,CAGBW,Canso,,,12,011F07,452000,610000,1213006,0,2
0.000,0.000,111,2,CBELL,Port Hawkesbury,,,12,011F11,453700,612100,1215002,0,2
0.000,0.000,112,2,CAATB,Antigonish,,,12,011F12,453700,620000,1214002,0,2
0.000,0.000,113,2,CBKDH,Springhill,,,12,021H09,453900,640300,1211008,0,2
0.000,0.000,114,2,CBPAK,Windsor,,,12,021A16,445900,640800,1208002,0,2
0.000,0.000,115,2,CAWAZ,Lunenburg,,,12,021A08,442300,641900,1206006,0,2
0.000,0.000,116,2,CAUWZ,Liverpool,,,12,021A02,440200,644300,1204006,0,2
0.000,0.000,117,2,CAZHC,Middleton,,,12,021A14,445700,650400,1205016,0,2
0.000,0.000,118,2,CAJOA,Digby,,,12,021A12,443700,654600,1203006,0,2
0.000,0.000,119,2,CBIKP,Shelburne,,,12,020P14,434600,651900,1201008,0,2
0.000,0.000,120,2,DAZBZ,St. Stephen,,,13,021G03,451200,671700,1302037,0,2
0.000,0.000,121,2,DASFF,Sussex,,,13,021H12,454300,653100,1305022,0,2
0.000,0.000,122,2,DAVMY,Minto,,,13,021J01,460500,660400,1304022,0,2
0.000,0.000,123,2,DAWNW,Woodstock,,,13,021J04,460900,673500,1311006,0,2
0.000,0.000,124,2,DAAOF,Dalhousie,,,13,022B01,480400,662300,1314017,0,2
0.000,0.000,125,2,EFKJR,Baie-Saint-Paul,,,24,021M07,472700,703000,2416010,0,2
0.000,0.000,126,2,EGXQD,La Pocatiere,,,24,021M08,472200,700200,2414085,0,2
0.000,0.000,127,2,EIITL,Trois-Pistoles,,,24,022C03,480700,691000,2411040,0,2
0.000,0.000,128,2,EHIXC,Murdochville,,,24,022A14,485800,653000,2403025,0,2
0.000,0.000,129,2,EFTLX,Cap-Chat,,,24,022G02,490600,664100,2404045,0,2
0.000,0.000,130,2,EHPAM,Perce,,,24,022A09,483200,641300,2402005,0,2
0.000,0.000,131,2,EITOF,Grande-Riviere,,,24,022A08,482400,643000,2402015,0,2
0.000,0.000,132,2,EILNZ,Ville-Marie,,,24,031M06,472000,792600,2485025,0,2
0.000,0.000,133,2,EIGKH,Temiscaming,,,24,031L11,464300,790600,2485005,0,2
0.000,0.000,134,2,EHCTX,Malartic,,,24,032D01,480800,780800,2489015,0,2
0.000,0.000,135,2,EICUR,Senneterre,,,24,032C06,482300,771400,2489040,0,2
0.000,0.000,136,2,EGQDN,Havre-Saint-Pierre,,,24,012L04,501400,633600,2498040,0,2
0.000,0.000,137,2,EHBMK,Lourdes-de-Blanc-Sablon,,,24,012P06,512500,571200,2498005,0,2
0.000,0.000,138,2,EJJIZ,Kuujjuaq,,,24,024K01,580600,682400,2499893,0,2
0.000,0.000,139,2,EJJJC,Chisasibi,,,24,033E15,534700,785300,2499814,0,2
0.000,0.000,140,2,ELBIF,Waskaganish,,,24,032M07,512900,784500,2499806,0,2
0.000,0.000,141,2,EPKLO,Mistissini,,,24,032I05,502500,735300,2499804,0,2
0.000,0.000,142,2,EHEOS,Matagami,,,24,032F13,494500,773800,2499015,0,2
0.000,0.000,143,2,EGYQT,Lebel-sur-Quevillon,,,24,032F02,490300,765900,2499005,0,2
0.000,0.000,144,2,EFVWZ,Chapais,,,24,032G15,494700,745100,2499020,0,2
0.000,0.000,145,2,EJNEM,Inukjuak,,,24,034L08,582715,780607,2499879,0,2
0.000,0.000,146,2,FCIJQ,Prescott,,,35,031B12,444300,753100,3507008,0,2
0.000,0.000,147,2,FBYHR,Little Current,,,35,041H13,455800,815600,3551019,0,2
0.000,0.000,148,2,FEAGX,Mattawa,,,35,031L07,461900,784200,3548021,0,2
0.000,0.000,149,2,FDOAY,Deep River,,,35,031K04,460600,773000,3547096,0,2
0.000,0.000,150,2,FBLAT,Haileybury,,,35,031M05,472700,793800,3554012,0,2
0.000,0.000,151,2,FEBEF,Schreiber,,,35,042D14,484800,871500,3558051,0,1
0.000,0.000,152,2,FARXW,Cochrane,,,35,042H03,490400,810100,3556039,0,2
0.000,0.000,153,2,FAJYS,Blind River,,,35,041J02,461000,825800,3557038,0,2
0.000,0.000,154,2,FDGEC,Nipigon,,,35,052H01,490100,881600,0,0,2
0.000,0.000,155,2,FBHCK,Geraldton,,,35,042E10,494400,865700,3558074,0,2
0.000,0.000,156,2,FBOUP,Hornepayne,,,35,042F02,491300,844700,3557096,0,1
0.000,0.000,157,2,FCKDP,Red Lake,,,35,052N04,510100,935000,3560041,0,1
0.000,0.000,158,2,FBAXU,Ear Falls,,,35,052K11,503800,931300,3560090,0,1
0.000,0.000,159,2,FCOPR,Sioux Lookout,,,35,052J04,500600,915500,3560034,0,2
0.000,0.000,160,2,FDVTR,Sandy Lake,,,35,053F03,530300,932000,0,0,2
0.000,0.000,161,2,FDQLS,Pikangikum,,,35,052M16,514900,940000,3560090,0,1
0.000,0.000,162,2,FAECJ,Attawapiskat,,,35,043B16,525600,822400,0,0,1
0.000,0.000,163,2,FCDXS,Matachewan,,,35,041P15,475612,803857,3554056,0,1
0.000,0.000,164,2,FAXTL,Fort Albany,,,35,043A04,521200,814000,3556092,0,1
0.000,0.000,165,2,FDUPD,Moosonee,,,35,042P07,511700,803900,3556097,0,1
0.000,0.000,166,2,GARKU,Minnedosa,,,46,062J04,501443,995034,4615075,0,2
0.000,0.000,167,2,GASYI,Neepawa,,,46,062J03,501344,992756,4615020,0,2
0.000,0.000,168,2,GAJFM,Gimli,,,46,062I10,503801,965924,4618033,0,2
0.000,0.000,169,2,GABYK,Beausejour,,,46,062I02,500344,963058,4612056,0,2
0.000,0.000,170,2,GBCSD,Virden,,,46,062F15,495103,1005554,4606034,0,2
0.000,0.000,171,2,GAZUK,Souris,,,46,062F09,493702,1001537,4607053,0,2
0.000,0.000,172,2,GADFN,Boissevain,,,46,062F01,491350,1000318,4605033,0,2
0.000,0.000,173,2,GANKU,Killarney,,,46,062G04,491100,993946,4605027,0,2
0.000,0.000,174,2,GBBDR,Swan River,,,46,063C03,520621,1011600,4620048,0,2
0.000,0.000,175,2,GATRO,Norway House,,,46,063H13,535925,974856,4622046,0,1
0.000,0.000,176,2,GAOIT,Leaf Rapids,,,46,064B05,562800,994500,4623034,0,2
0.000,0.000,177,2,GASZX,Nelson House,,,46,063O15,554700,985318,4622046,0,1
0.000,0.000,178,2,GBACU,Split Lake,,,46,064A01,561443,960538,4622046,0,1
0.000,0.000,179,2,GAZRZ,Snow Lake,,,46,063K16,545244,1000212,4621071,0,2
0.000,0.000,180,2,GAUSI,Oxford House,,,46,053L14,545654,951556,4622046,0,1
0.000,0.000,181,2,HAIRP,Unity,,,47,073C06,522700,1091000,4713074,0,2
0.000,0.000,182,2,HATVI,Biggar,,,47,073B04,520400,1080000,4712046,0,2
0.000,0.000,183,2,HAEQZ,Kindersley,,,47,072N06,512800,1091000,4713008,0,2
0.000,0.000,184,2,HAJHC,Rosetown,,,47,072O12,513300,1080000,4712006,0,2
0.000,0.000,185,2,HATOL,Watrous,,,47,072P11,514000,1052800,4711053,0,2
0.000,0.000,186,2,HAPOH,Humboldt,,,47,073A03,521200,1050700,4715008,0,2
0.000,0.000,187,2,HANSL,Tisdale,,,47,073A16,525100,1040300,4714044,0,2
0.000,0.000,188,2,HAMFS,Nipawin,,,47,073H08,532200,1040000,4714076,0,2
0.000,0.000,189,2,HAPHU,Hudson Bay,,,47,063D16,525100,1022300,4714004,0,2
0.000,0.000,190,2,HADDY,Kamsack,,,47,062N12,513400,1015400,4709039,0,2
0.000,0.000,191,2,HABQM,Canora,,,47,062M09,513800,1022600,4709032,0,2
0.000,0.000,192,2,HALKT,Melville,,,47,062L15,505500,1024800,4705074,0,2
0.000,0.000,193,2,HATMX,Wynyard,,,47,072P16,514600,1041100,4710047,0,2
0.000,0.000,194,2,HACDD,Fort Qu'Appelle,,,47,062L13,504600,1034800,4706051,0,2
0.000,0.000,195,2,HAIPN,Esterhazy,,,47,062L09,503900,1020500,4705052,0,2
0.000,0.000,196,2,HALUK,Moosomin,,,47,062K04,500800,1014000,4705004,0,2
0.000,0.000,197,2,HAOQT,Maple Creek,,,47,072F14,495500,1092900,4704048,0,2
0.000,0.000,198,2,HAOOS,Shaunavon,,,47,072F09,493900,1082500,4704036,0,2
0.000,0.000,199,2,HAOOY,Assiniboia,,,47,072H12,493800,1055900,4703036,0,2
0.000,0.000,200,2,HAAQH,Gravelbourg,,,47,072G15,495300,1063300,4703071,0,2
0.000,0.000,201,2,HARBB,La Loche,,,47,074C06,562900,1092600,4718074,0,2
0.000,0.000,202,2,HASIZ,Buffalo Narrows,,,47,073N16,555100,1082900,4718070,0,2
0.000,0.000,203,2,HAATJ,Ile-a-la-Crosse,,,47,073O05,552700,1075300,4718067,0,2
0.000,0.000,204,2,HAFJY,La Ronge,,,47,073P03,550600,1051700,4718041,0,2
0.000,0.000,205,2,HARWT,Meadow Lake,,,47,073K01,540800,1082600,4717052,0,2
0.000,0.000,206,2,IAOQH,Wainwright,,,48,073D15,524900,1105200,4807054,0,2
0.000,0.000,207,2,IAKUR,Stettler,,,48,083A07,521900,1124300,4807026,0,2
0.000,0.000,208,2,IAINF,Hanna,,,48,072M12,513800,1115400,4804011,0,2
0.000,0.000,209,2,IABJX,Pincher Creek,,,48,082H05,492900,1135700,4803014,0,2
0.000,0.000,210,2,IAKML,Cardston,,,48,082H03,491200,1131800,4803004,0,2
0.000,0.000,211,2,IAEFD,Cold Lake,,,48,073L08,542700,1101200,4812006,0,2
0.000,0.000,212,2,IAGIL,St. Paul,,,48,073E14,535900,1111700,4812018,0,2
0.000,0.000,213,2,IAOMB,Vermilion,,,48,073E07,532200,1105100,4810042,0,2
0.000,0.000,214,2,IAKPR,Spirit River,,,48,083M15,554700,1185000,4819058,0,2
0.000,0.000,215,2,IAHQY,Grimshaw,,,48,084C04,561100,1173600,4819074,0,2
0.000,0.000,216,2,IAOBD,Valleyview,,,48,083N03,550400,1171700,4818018,0,2
0.000,0.000,217,2,IAJVM,High Prairie,,,48,083N08,552600,1162900,4817021,0,2
0.000,0.000,218,2,IAAML,Wabasca-Desmarais,,,48,083P13,555800,1135100,0,0,1
0.000,0.000,219,2,IAHMD,Grande Cache,,,48,083E14,535300,1190800,4818005,0,2
0.000,0.000,220,2,IAMCJ,Jasper,,,48,083D16,525300,1180500,4815037,0,1
0.000,0.000,221,2,IARFF,Athabasca,,,48,083I11,544300,1131700,4813048,0,2
0.000,0.000,222,2,IABSI,Lac La Biche,,,48,073L13,544600,1115800,4812035,0,2
0.000,0.000,223,2,IAJVJ,High Level,,,48,084K11,583100,1170800,4817093,0,2
0.000,0.000,224,2,JBUFS,Port Alice,,,59,092L06,502300,1272700,5943017,0,2
0.000,0.000,225,2,JCBMZ,100 Mile House,,,59,092P11,513900,1211700,5941005,0,2
0.000,0.000,226,2,JADLE,Lillooet,,,59,092I12,504100,1215600,5931024,0,2
0.000,0.000,227,2,JBZLB,Golden,,,59,082N07,511800,1165800,5939007,0,2
0.000,0.000,228,2,JADJB,Invermere,,,59,082K09,503100,1160200,5901039,0,2
0.000,0.000,229,2,JBRMW,Ucluelet,,,59,092C13,485600,1253300,5923019,0,2
0.000,0.000,230,2,JBBWA,Duncan,,,59,092B13,484700,1234200,5919012,0,2
0.000,0.000,231,2,JBFGB,Hope,,,59,092H06,492300,1212620,5909009,0,3
0.000,0.000,232,2,JCCXO,Princeton,,,59,092H07,492730,1203030,5907024,0,2
0.000,0.000,233,2,JAUUX,Grand Forks,,,59,082E01,490200,1182600,5905032,0,2
0.000,0.000,234,2,JAIUJ,Creston,,,59,082F01,490600,1163000,5903004,0,2
0.000,0.000,235,2,JCOQV,Stewart,,,59,103P13,555600,1295900,5949032,0,2
0.000,0.000,236,2,JCPML,Chetwynd,,,59,093P12,554200,1213800,5955010,0,2
0.000,0.000,237,2,JCLGE,Masset,,,59,103K01,540100,1320600,5947023,0,2
0.000,0.000,238,2,JAECH,Burns Lake,,,59,093K04,541400,1254500,5951022,0,2
0.000,0.000,239,2,JAGOX,Fort St. James,,,59,093K08,542635,1241515,5951013,0,2
0.000,0.000,240,2,JCVCK,Vanderhoof,,,59,093K01,540100,1240100,5951007,0,2
0.000,0.000,241,2,JBANJ,Houston,,,59,093L07,542400,1264000,5951034,0,2
0.000,0.000,242,2,JAGOO,Fort Nelson,,,59,094J15,584800,1224300,5959005,0,2
0.000,0.000,243,2,KACBC,Faro,,,60,105K03,621400,1332000,6001004,0,2
0.000,0.000,244,2,KAEVF,Old Crow,,,60,116O12,673405,1395000,6001034,0,1
0.000,0.000,245,2,LASAL,Pangnirtung,,,61,026I00,660840,654255,6104009,0,2
0.000,0.000,246,2,LBCFF,Iqaluit,,,61,025N10,634500,683100,6104003,3,2
0.000,0.000,247,2,LABZD,Baker Lake,,,61,066A08,641910,960115,6105023,0,2
0.000,0.000,248,2,LBCFY,Arviat,,,61,055E01,610630,940330,6105015,0,2
0.000,0.000,249,2,LATUP,Rankin Inlet,,,61,055K00,624900,920500,6105017,0,2
0.000,0.000,250,2,LAILM,Fort Simpson,,,61,095H00,615145,1212055,6106038,0,2
0.000,0.000,251,2,LAKGC,Hay River,,,61,085B13,604855,1154750,6106016,0,2
0.000,0.000,252,2,LAILN,Fort Smith,,,61,075D04,600000,1115300,6106001,0,2
0.000,0.000,253,2,LALNA,Inuvik,,,61,107B07,682100,1334300,6107017,0,2
0.000,0.000,254,2,LAEFV,Cambridge Bay,,,61,077D02,690650,1050310,6108073,0,2
0.000,0.000,255,3,AADVG,Channel-Port aux Basques,,,10,011O11,473400,590900,1003034,0,3
0.000,0.000,256,3,AASOD,Marystown,,,10,001M03,471000,550900,1002024,0,3
0.000,0.000,257,3,AAHSV,Gander,,,10,002D15,485700,543700,1006009,0,3
0.000,0.000,258,3,AADOD,Carbonear,,,10,001N11,474400,531300,1001370,0,3
0.000,0.000,259,3,ABYRK,Grand Falls-Windsor,,,10,002D13,485600,554000,1006017,0,3
0.000,0.000,260,3,ABFQA,Labrador City,,,10,023B15,525700,665500,1010032,0,3
0.000,0.000,261,3,ABASL,Happy Valley-Goose Bay,,,10,013F08,531900,602000,1010025,0,3
0.000,0.000,262,3,BADSZ,Summerside,,,11,011L05,462345,634720,1103025,0,3
0.000,0.000,263,3,CBQFA,Glace Bay,,,12,011J04,461200,595700,1217009,0,3
0.000,0.000,264,3,CBBJR,New Glasgow,,,12,011E10,453500,623900,1212014,0,3
0.000,0.000,265,3,CBMKT,Truro,,,12,011E06,452200,631600,1210006,0,3
0.000,0.000,266,3,CAAOO,Amherst,,,12,021H16,455000,641200,1211011,0,3
0.000,0.000,267,3,CASWE,Kentville,,,12,021H01,450500,643000,1207012,0,3
0.000,0.000,268,3,CAFBR,Bridgewater,,,12,021A07,442300,643100,1206004,0,3
0.000,0.000,269,3,CBPIB,Yarmouth,,,12,020O16,435000,660700,1202006,0,3
0.000,0.000,270,3,CBLHE,Sydney Mines,,,12,011K01,461400,601400,1217019,0,3
0.000,0.000,271,3,DATWJ,Oromocto,,,13,021G16,455100,662900,1303012,0,3
0.000,0.000,272,3,DAICU,,Grand Falls,Grand-Sault,13,021O04,470300,674400,1312019,0,3
0.000,0.000,273,3,DALZZ,Edmundston,,,13,021N08,472200,682000,1313029,0,3
0.000,0.000,274,3,DAFQX,Bathurst,,,13,021P12,473600,653900,1315011,0,3
0.000,0.000,275,3,DAHEI,Campbellton,,,13,021O15,480000,664000,1314014,0,3
0.000,0.000,276,3,DAEAM,Sackville,,,13,021H16,455400,642200,1307009,0,3
0.000,0.000,277,3,EGLSD,Gaspe,,,24,022A16,485000,642900,2403005,0,3
0.000,0.000,278,3,EKOKZ,Montmagny,,,24,021L15,465900,703300,2418050,0,3
0.000,0.000,279,3,EKMWZ,Riviere-du-Loup,,,24,021N13,475000,693200,2412070,0,3
0.000,0.000,280,3,EJBOJ,Mont-Joli,,,24,022C09,483500,681100,2409075,0,3
0.000,0.000,281,3,EHZFR,Sainte-Anne-des-Monts,,,24,022G01,490800,663000,2404040,0,3
0.000,0.000,282,3,EHEPJ,Matane,,,24,022B13,485100,673200,2408055,0,3
0.000,0.000,283,3,EHHSY,Mont-Laurier,,,24,031J12,463300,753000,2479085,0,3
0.000,0.000,284,3,EKMVW,Magog,,,24,031H08,451600,720800,2445070,0,3
0.000,0.000,285,3,EKJCK,Joliette,,,24,031I03,460100,732700,2461025,0,3
0.000,0.000,286,3,EPISQ,Sorel,,,24,031I03,460200,730700,2453057,0,3
0.000,0.000,287,3,EFJGU,Asbestos,,,24,021E13,454600,715600,2440040,0,3
0.000,0.000,288,3,EPSTL,Victoriaville,,,24,021L04,460200,715500,2439062,0,4
0.000,0.000,289,3,EPXXJ,Thetford Mines,,,24,021L03,460500,711800,2431087,0,3
0.000,0.000,290,3,EJBSM,Saint-Georges,,,24,021L02,460700,704000,2429075,0,3
0.000,0.000,291,3,EGEEW,Donnacona,,,24,021L12,464000,714500,2434025,0,3
0.000,0.000,292,3,EIDEV,Shawinigan,,,24,031I10,463300,724500,2436030,0,3
0.000,0.000,293,3,ELCQF,Saint-Jerome,,,24,031G16,454700,740000,2475015,0,3
0.000,0.000,294,3,EKCIC,Lachute,,,24,031G09,453900,742000,2476020,0,3
0.000,0.000,295,3,EGXZU,La Sarre,,,24,032D14,484800,791200,2487090,0,3
0.000,0.000,296,3,EFHXK,Amos,,,24,032D09,483400,780700,2488055,0,3
0.000,0.000,297,3,EIJZE,Val-d'Or,,,24,032C04,480600,774700,2489005,0,3
0.000,0.000,298,3,EPTUN,La Tuque,,,24,031P07,472600,724700,2490007,0,3
0.000,0.000,299,3,EHWMB,Roberval,,,24,032A09,483100,721300,2491025,0,3
0.000,0.000,300,3,EHZSO,Saint-Felicien,,,24,032A09,483900,722700,2491040,0,3
0.000,0.000,301,3,EGDZD,Dolbeau,,,24,032A16,485300,721400,2492025,0,3
0.000,0.000,302,3,EHSPH,Port-Cartier,,,24,022J02,500100,665200,2497020,0,3
0.000,0.000,303,3,EJNFQ,Sept-?les,,,24,022J01,501200,662300,2497010,0,3
0.000,0.000,304,3,EFXAC,Chibougamau,,,24,032G16,495500,742200,2499025,0,3
0.000,0.000,305,3,FCPKN,Smiths Falls,,,35,031C16,445400,760100,3509004,0,3
0.000,0.000,306,3,FDGDV,Brockville,,,35,031B12,443500,754100,3507015,0,3
0.000,0.000,307,3,FDZNE,Trenton,,,35,031C04,440600,773500,3512012,0,3
0.000,0.000,308,3,FARXE,Cobourg,,,35,030M16,435800,781000,3514021,0,3
0.000,0.000,309,3,FDGDT,Lindsay,,,35,031D07,442100,784400,3516009,0,3
0.000,0.000,310,3,FDZLB,Nanticoke,,,35,040I16,425400,801100,3528033,0,3
0.000,0.000,311,3,FBDWO,Fergus,,,35,040P09,434200,802200,3523026,0,3
0.000,0.000,312,3,FBWVO,Leamington,,,35,040J02,420300,823600,3537006,0,3
0.000,0.000,313,3,FDSUS,Parry Sound,,,35,041H08,452100,800200,3549032,0,3
0.000,0.000,314,3,FDSIZ,Petawawa,,,35,031F14,455400,771700,3547079,0,3
0.000,0.000,315,3,FCHOC,Pembroke,,,35,031F14,454900,770700,3547064,0,3
0.000,0.000,316,3,FCKPW,Renfrew,,,35,031F07,452800,764100,3547048,0,3
0.000,0.000,317,3,FADTN,Arnprior,,,35,031F08,452600,762100,3547002,0,3
0.000,0.000,318,3,FBPPE,Huntsville,,,35,031E06,452000,791300,3544042,0,3
0.000,0.000,319,3,FBJKJ,Gravenhurst,,,35,031D14,445500,792200,3544002,0,3
0.000,0.000,320,3,FEBJL,Midland,,,35,031D12,444500,795300,3543074,0,3
0.000,0.000,321,3,FASGS,Collingwood,,,35,041A08,442900,801300,3543031,0,3
0.000,0.000,322,3,FDGEE,Owen Sound,,,35,041A10,443400,805600,3542059,0,3
0.000,0.000,323,3,FBUPC,Kincardine,,,35,041A04,441100,813800,3541022,0,3
0.000,0.000,324,3,FBIAG,Goderich,,,35,040P12,434500,814300,3540028,0,3
0.000,0.000,325,3,FBUYW,Kirkland Lake,,,35,042A01,480900,800200,3554068,0,3
0.000,0.000,326,3,FBCXV,Espanola,,,35,041I05,461500,814600,3552026,0,3
0.000,0.000,327,3,FDOQG,New Liskeard,,,35,031M12,473000,794000,3554018,0,3
0.000,0.000,328,3,FCTKE,Sturgeon Falls,,,35,031L05,462200,795500,3548052,0,3
0.000,0.000,329,3,FBQNV,Iroquois Falls,,,35,042A15,484600,804100,3556031,0,3
0.000,0.000,330,3,FBCHB,Elliot Lake,,,35,041J07,462300,823800,3557041,0,3
0.000,0.000,331,3,FCDJZ,Marathon,,,35,042D09,484300,862300,0,0,1
0.000,0.000,332,3,FBMTW,Hearst,,,35,042G12,494100,834000,3556076,0,3
0.000,0.000,333,3,FBTBP,Kapuskasing,,,35,042G08,492500,822600,3556066,0,3
0.000,0.000,334,3,FDGDQ,Kenora,,,35,052E16,494700,942900,3560016,0,3
0.000,0.000,335,3,FBEYE,Fort Frances,,,35,052C11,483600,932400,3559012,0,3
0.000,0.000,336,3,FAZWK,Dryden,,,35,052F15,494700,925000,3560026,0,3
0.000,0.000,337,3,GAGDE,Dauphin,,,46,062N01,510858,1000258,4617050,0,3
0.000,0.000,338,3,GAYRY,Selkirk,,,46,062I02,500837,965302,4613047,0,3
0.000,0.000,339,3,GASBB,Morden,,,46,062G01,491131,980602,4603053,0,3
0.000,0.000,340,3,GBAML,Steinbach,,,46,062H10,493133,964102,4602044,0,3
0.000,0.000,341,3,GAWDD,Portage la Prairie,,,46,062G16,495822,981731,4609029,0,3
0.000,0.000,342,3,GBBOH,The Pas,,,46,063F14,534930,1011512,4621045,0,3
0.000,0.000,343,3,GBBRP,Thompson,,,46,063P12,554436,975119,4622026,0,3
0.000,0.000,344,3,GAILW,Flin Flon,,,46,063K13,544605,1015151,4621064,0,3
0.000,0.000,345,3,HAUQM,Estevan,,,47,062E02,490800,1025900,4701024,0,3
0.000,0.000,346,3,HAMHJ,North Battleford,,,47,073C16,524700,1081700,4716029,0,3
0.000,0.000,347,3,HAPKT,Swift Current,,,47,072J05,501700,1074800,4708004,0,3
0.000,0.000,348,3,HAUTW,Melfort,,,47,073A15,525200,1043700,4714051,0,3
0.000,0.000,349,3,HAVWM,Yorkton,,,47,062M01,511300,1022800,4709012,0,3
0.000,0.000,350,3,HAUMZ,Weyburn,,,47,062E12,494000,1035100,4702047,0,3
0.000,0.000,351,3,IAFOG,Rocky Mountain House,,,48,083B07,522200,1145500,4809015,0,3
0.000,0.000,352,3,IADVK,Lloydminster,,,48,073E08,531700,1100000,4810039,0,3
0.000,0.000,353,3,IAKKF,Camrose,,,48,083H02,530100,1125000,4810011,0,3
0.000,0.000,354,3,IABPA,Drumheller,,,48,082P07,512800,1124200,4805029,0,3
0.000,0.000,355,3,IAJVO,High River,,,48,082I12,503500,1135200,4806006,0,3
0.000,0.000,356,3,IAIDN,Brooks,,,48,072L12,503500,1115300,4802034,0,3
0.000,0.000,357,3,IAAFM,Taber,,,48,082H16,494900,1120900,4802022,0,3
0.000,0.000,358,3,IACYE,Banff,,,48,082O04,511000,1153400,4815035,0,3
0.000,0.000,359,3,IABOA,Drayton Valley,,,48,083G02,531300,1145900,4811031,0,3
0.000,0.000,360,3,IAPBB,Wetaskiwin,,,48,083A14,525800,1132200,4811002,0,3
0.000,0.000,361,3,IACUJ,Leduc,,,48,083H05,531600,1133300,4811016,0,3
0.000,0.000,362,3,IAEWL,Peace River,,,48,084C03,561500,1171700,4819038,0,3
0.000,0.000,363,3,IAIJK,Slave Lake,,,48,083O07,551700,1144600,4817029,0,3
0.000,0.000,364,3,IAJWU,Hinton,,,48,083F05,532400,1173500,4814019,0,3
0.000,0.000,365,3,IACMW,Edson,,,48,083F09,533500,1162600,4814024,0,3
0.000,0.000,366,3,IAPCL,Whitecourt,,,48,083J04,540900,1154100,4813030,0,3
0.000,0.000,367,3,IAOBT,Vegreville,,,48,083H08,533000,1120300,4810028,0,3
0.000,0.000,368,3,JCBSO,Merritt,,,59,092I02,500645,1204730,5933006,0,3
0.000,0.000,369,3,JBOAP,Vernon,,,59,082L06,501530,1191600,5937014,0,4
0.000,0.000,370,3,JCJTL,Salmon Arm,,,59,082L11,504200,1191600,0,0,1
0.000,0.000,371,3,JBHTI,Revelstoke,,,59,082L16,505900,1181200,5939019,0,3
0.000,0.000,372,3,JBIEL,Port Alberni,,,59,092F02,491430,1244800,5923008,0,3
0.000,0.000,373,3,JAHJY,Courtenay,,,59,092F10,494100,1245900,5925010,0,3
0.000,0.000,374,3,JCJEN,Campbell River,,,59,092K03,500100,1251430,5925034,0,4
0.000,0.000,375,3,JCVCI,Powell River,,,59,092F15,495100,1243200,5927008,0,3
0.000,0.000,376,3,JCVCJ,Squamish,,,59,092G14,494500,1230800,5931006,0,3
0.000,0.000,377,3,JCAAC,Castlegar,,,59,082F05,491800,1174000,5903045,0,3
0.000,0.000,378,3,JAYDR,Nelson,,,59,082F06,493000,1171700,5903015,0,3
0.000,0.000,379,3,JAHBL,Kimberley,,,59,082G12,494100,1155900,5901028,0,3
0.000,0.000,380,3,JAIQY,Cranbrook,,,59,082G05,493000,1154600,5901022,0,3
0.000,0.000,381,3,JAVIB,Fernie,,,59,082G06,493000,1150400,5901012,0,3
0.000,0.000,382,3,JAHBY,Mackenzie,,,59,093O06,551800,1231000,5953033,0,3
0.000,0.000,383,3,JAGPB,Fort St. John,,,59,094A02,561500,1205100,5955034,0,3
0.000,0.000,384,3,JAPCN,Dawson Creek,,,59,093P16,554600,1201400,5955014,0,3
0.000,0.000,385,3,JCNWW,Prince Rupert,,,59,103J08,541900,1301900,5947012,0,3
0.000,0.000,386,3,JBXCK,Terrace,,,59,103I10,543100,1283600,5949011,0,3
0.000,0.000,387,3,JCMDB,Kitimat,,,59,103I02,540300,1283900,5949005,0,3
0.000,0.000,388,3,JBMQO,Smithers,,,59,093L14,544650,1271015,5951043,0,3
0.000,0.000,389,3,JBNTS,Quesnel,,,59,093B15,530000,1223000,5941013,0,3
0.000,0.000,390,3,JBTMB,Williams Lake,,,59,093B01,520830,1220830,5941009,0,3
0.000,0.000,391,4,CBLGX,Sydney,,,12,011K01,460900,601100,1217014,0,4
0.000,0.000,392,4,CAIYJ,Dartmouth,,,12,011D12,444000,633400,1209022,0,5
0.000,0.000,393,4,DAEGW,Saint John,,,13,021G08,451600,660300,1301006,0,5
0.000,0.000,394,4,DADHJ,Moncton,,,13,021I02,460600,644700,1307022,0,5
0.000,0.000,395,4,EGZSK,Levis,,,24,021L14,464800,711100,2424020,0,4
0.000,0.000,396,4,EJNFL,Rimouski,,,24,022C07,482600,683300,2410045,0,4
0.000,0.000,397,4,EGIIG,Fatima,,,24,011N05,472400,615300,2401025,0,2
0.000,0.000,398,4,ELYOR,Hull,,,24,031G05,452600,754400,2481020,0,5
0.000,0.000,399,4,EKJCM,Salaberry-de-Valleyfield,,,24,031G08,451500,740800,2470045,0,4
0.000,0.000,400,4,EJIXZ,Saint-Jean-sur-Richelieu,,,24,031H06,451900,731600,2456080,0,4
0.000,0.000,401,4,EGNRO,Granby,,,24,031H07,452400,724400,2447015,0,4
0.000,0.000,402,4,EHZZL,Saint-Hyacinthe,,,24,031H10,453700,725700,2454045,0,4
0.000,0.000,403,4,EPUWF,Drummondville,,,24,031H16,455300,722900,2449057,0,4
0.000,0.000,404,4,EIDHN,Sherbrooke,,,24,021E05,452500,715400,2443025,0,5
0.000,0.000,405,4,EIITR,Trois-Rivieres,,,24,031I07,462100,723300,2437065,0,4
0.000,0.000,406,4,ELYOQ,Rouyn-Noranda,,,24,032D03,481400,790100,2486040,0,4
0.000,0.000,407,4,EFKHC,Baie-Comeau,,,24,022F01,491300,680900,2496020,0,4
0.000,0.000,408,4,EFHQD,Alma,,,24,022D12,483300,713900,2493040,0,4
0.000,0.000,409,4,EGUFW,Jonquiere,,,24,022D06,482500,711300,2494070,0,5
0.000,0.000,410,4,EFXCL,Chicoutimi,,,24,022D06,482600,710400,2494050,0,5
0.000,0.000,411,4,FCCOT,Cornwall,,,35,031G02,450200,744400,3501012,0,4
0.000,0.000,412,4,FBUUF,Kingston,,,35,031C01,441400,763000,3510011,0,5
0.000,0.000,413,4,FEDAN,Belleville,,,35,031C03,441000,772300,3512008,0,4
0.000,0.000,414,4,FDGEJ,Peterborough,,,35,031D08,441800,781900,3515014,0,5
0.000,0.000,415,4,FEDBA,Niagara Falls,,,35,030M03,430600,790400,3526043,0,5
0.000,0.000,416,4,FDOAX,Welland,,,35,030L14,425900,791500,3526032,0,4
0.000,0.000,417,4,FBKKK,Guelph,,,35,040P09,433300,801500,3523008,0,5
0.000,0.000,418,4,FALJI,Brantford,,,35,040P01,430800,801600,3529006,0,5
0.000,0.000,419,4,FDFDY,Woodstock,,,35,040P02,430800,804500,3532042,0,4
0.000,0.000,420,4,FCTBX,Stratford,,,35,040P07,432200,805700,3531011,0,4
0.000,0.000,421,4,FDTCR,St. Thomas,,,35,040I14,424700,811200,3534021,0,4
0.000,0.000,422,4,FAQDA,Chatham,,,35,040J08,422400,821100,3536042,0,4
0.000,0.000,423,4,FDMLQ,Orillia,,,35,031D11,443700,792500,3543052,0,4
0.000,0.000,424,4,FCTOV,Sudbury,,,35,041I07,463000,810000,3553007,0,5
0.000,0.000,425,4,FCFUU,North Bay,,,35,031L06,461900,792800,3548044,0,5
0.000,0.000,426,4,FAFFD,Barrie,,,35,031D05,442400,794000,3543042,0,5
0.000,0.000,427,4,FEARV,Sarnia,,,35,040J16,425800,822300,3538030,0,5
0.000,0.000,428,4,FCWMG,Timmins,,,35,042A06,482800,812000,3556027,0,4
0.000,0.000,429,4,FDZCP,Sault Ste. Marie,,,35,041K09,463100,842000,3557061,0,5
0.000,0.000,430,4,GADMZ,Brandon,,,46,062G13,495049,995708,4607062,0,4
0.000,0.000,431,4,HALTS,Moose Jaw,,,47,072I05,502400,1053200,4707039,0,4
0.000,0.000,432,4,HAPNV,Prince Albert,,,47,073H04,531200,1054600,4715066,0,4
0.000,0.000,433,4,IAEJS,Red Deer,,,48,083A05,521600,1134800,4808011,0,5
0.000,0.000,434,4,IAIUC,Medicine Hat,,,48,072L02,500300,1104000,4801006,0,4
0.000,0.000,435,4,IADGP,Lethbridge,,,48,082H10,494200,1124900,4802012,0,5
0.000,0.000,436,4,IAHMM,Grande Prairie,,,48,083M02,551000,1184800,4819012,0,4
0.000,0.000,437,4,IAFFI,Fort McMurray,,,48,074D11,564400,1112300,4816048,0,4
0.000,0.000,438,4,JCVCB,Chilliwack,,,59,092H04,491000,1215700,0,0,1
0.000,0.000,439,4,JCVCH,Penticton,,,59,082E05,493000,1193500,5907041,0,4
0.000,0.000,440,4,JAFNW,Kamloops,,,59,092I09,504000,1201900,5933042,0,5
0.000,0.000,441,4,JAQAL,Nanaimo,,,59,092G04,491000,1235600,5921007,0,5
0.000,0.000,442,4,JAFUV,Kelowna,,,59,082E14,495300,1192900,5935010,0,5
0.000,0.000,443,4,JBLVS,Prince George,,,59,093G15,535500,1224500,5953023,0,5
0.000,0.000,444,5,FCWFX,Thunder Bay,,,35,052A06,482400,891900,3558004,0,6
0.000,0.000,445,5,HAHJJ,Saskatoon,,,47,073B02,520700,1063800,4711066,0,6
0.000,0.000,446,5,FDEGT,Windsor,,,35,040J06,421800,830100,3537039,0,6
0.000,0.000,447,5,FEBWC,Kitchener,,,35,040P08,432700,802900,3530013,0,6
0.000,0.000,448,5,FDJFN,St. Catharines,,,35,030M03,431000,791500,3526053,0,6
0.000,0.000,449,5,FDMOP,Oshawa,,,35,030M15,435400,785100,3518013,0,6
0.000,0.000,450,6,EHHUN,Montreal,,,24,031H12,453000,733600,2466025,0,6
0.000,0.000,451,6,FBLJL,Hamilton,,,35,030M04,431500,795100,3525018,0,6
0.000,0.000,452,6,FCAEN,London,,,35,040I14,425900,811400,3539036,0,6
0.000,0.000,453,6,FALIF,Brampton,,,35,030M12,434100,794600,3521010,0,6
0.000,0.000,454,6,IAKID,Calgary,,,48,082O01,510300,1140500,4806016,0,6
0.000,0.000,455,6,JBRIK,Vancouver,,,59,092G03,491500,1230700,5915022,0,6
0.000,0.000,456,96,JBOBQ,Victoria,,,59,092B06,482600,1232200,5917034,2,5
0.000,0.000,457,96,HAIMP,Regina,,,47,072I07,502700,1043700,4706027,2,6
0.000,0.000,458,96,FCWYG,Toronto,,,35,030M11,433900,792300,3520004,2,6
0.000,0.000,459,95,FEOLW,Ottawa,,,35,031G05,452500,754200,3506014,1,6
0.000,0.000,460,96,EHTWR,Quebec,,,24,021L14,464900,711400,2423025,2,6
0.000,0.000,461,96,DAFMJ,Fredericton,,,13,021G15,455800,663900,1310032,2,4
0.000,0.000,462,96,BAARG,Charlottetown,,,11,011L03,461425,630805,1102075,2,3
0.000,0.000,463,96,CAPHL,Halifax,,,12,011D12,443900,633600,1209021,2,6
0.000,0.000,464,96,ABEFS,St. John's,,,10,001N10,473400,524400,1001519,2,6
0.000,0.000,465,96,GBEIN,Winnipeg,,,46,062H14,495304,970847,4611040,2,6
0.000,0.000,466,96,IACMP,Edmonton,,,48,083H11,533300,1132800,4811061,2,6
0.000,0.000,467,96,KAHFT,Whitehorse,,,60,105D11,604300,1350300,6001009,3,3
0.000,0.000,468,96,LBAMG,Yellowknife,,,61,085J08,622720,1142100,6106023,3,3
0.000,0.000,469,2,DAZVA,Caraquet,,,13,021P15,474700,645700,1315028,0,2
0.000,0.000,470,3,DBEDJ,Miramichi,,,13,021P03,470015,652800,1309050,0,3
0.000,0.000,471,1,EIGSD,Tete-a-la-Baleine,,,24,012J11,504200,591900,2498015,0,1
0.000,0.000,472,2,EQBIX,La Malbaie--Pointe-au-Pic,,,24,021M09,473900,700900,2415012,0,2
0.000,0.000,473,1,FADRV,Armstrong,,,35,052I06,501800,890200,3558090,0,1
0.000,0.000,474,1,FEFQV,Atikokan,,,35,052B13,484500,913700,3559001,0,1
0.000,0.000,475,2,FDGEF,Bancroft,,,35,031F04,450300,775100,3512062,0,2
0.000,0.000,476,2,FAPXO,Chapleau,,,35,041O14,475000,832400,3599999,0,2
0.000,0.000,477,1,FBIBH,Gogama,,,35,041P12,474000,814300,3552093,0,2
0.000,0.000,478,3,FBMKO,Hawkesbury,,,35,031G10,453600,743700,3502008,0,3
0.000,0.000,479,2,FCDVI,Manitouwadge,,,35,042F04,490700,855000,3599999,0,2
0.000,0.000,480,1,FDLNT,Nakina,,,35,042L02,501000,864200,3558072,0,2
0.000,0.000,481,2,GAFAB,Churchill,,,46,054L16,584651,941113,4623056,0,2
0.000,0.000,482,2,GAJER,Gillam,,,46,054D07,562050,944228,4623022,0,2
0.000,0.000,483,1,GAVMD,Pine Falls,,,46,062I09,503359,961303,4601094,0,2
0.000,0.000,484,1,GAHTD,Emerson,,,46,062H03,490025,971253,4603033,0,2
0.000,0.000,485,3,JBNDK,Trail,,,59,082F04,490600,1174200,5905014,0,3
0.000,0.000,486,4,JAZMR,New Westminster,,,59,092G02,491300,1225500,5915029,0,4
0.000,0.000,487,1,LCAMG,Kimmirut,,,61,025K13,625048,695219,6104005,0,1
0.000,0.000,488,2,LCAME,Kugluktuk,,,61,086O14,674936,1150536,6108059,0,2
0.000,0.000,489,1,LCAMF,Tulita,,,61,096C13,645406,1253441,6107005,0,1
0.000,0.000,490,3,EFRSH,Buckingham,,,24,031G11,453500,752500,2481005,0,3
0.000,0.000,491,2,EPWSV,Puvirnituq,,,24,035C03,600200,771700,2499120,0,2
0.000,0.000,492,1,LCAMH,Wha Ti,,,61,085N03,630838,1171622,6106034,0,1
0.000,0.000,493,3,AAEOU,Corner Brook,,,10,012A13,485800,575700,1005018,0,3
0.000,0.000,494,3,AAXZD,Stephenville,,,10,012B10,483300,583500,1004019,0,3
0.000,0.000,495,1,LAAWC,Alert,,,61,120E00,823000,622200,6104030,0,1
0.000,0.000,496,1,LCACC,Deline,,,61,096G03,651120,1232515,6107003,0,2
0.000,0.000,497,3,GBEIU,Winnipegosis,,,46,062O12,513855,995533,4617073,0,2
